<?xml version="1.0" encoding="UTF-8" ?>
<class name="AnimationNodeOutput" inherits="AnimationNode" xmlns:xsi="http://www.w3.org/2001/XMLSchema-instance" xsi:noNamespaceSchemaLocation="../class.xsd">
	<brief_description>
		The animation output node of an [AnimationNodeBlendTree].
	</brief_description>
	<description>
		A node created automatically in an [AnimationNodeBlendTree] that outputs the final animation.
	</description>
	<tutorials>
		<link title="Using AnimationTree">$DOCS_URL/tutorials/animation/animation_tree.html</link>
		<link title="3D Platformer Demo">https://godotengine.org/asset-library/asset/125</link>
		<link title="Third Person Shooter Demo">https://godotengine.org/asset-library/asset/678</link>
	</tutorials>
</class>
