<?xml version="1.0" encoding="UTF-8" ?>
<class name="AudioEffectBandPassFilter" inherits="AudioEffectFilter" xmlns:xsi="http://www.w3.org/2001/XMLSchema-instance" xsi:noNamespaceSchemaLocation="../class.xsd">
	<brief_description>
		Adds a band pass filter to the audio bus.
	</brief_description>
	<description>
		Attenuates the frequencies inside of a range around the [member AudioEffectFilter.cutoff_hz] and cuts frequencies outside of this band.
	</description>
	<tutorials>
		<link title="Audio buses">$DOCS_URL/tutorials/audio/audio_buses.html</link>
	</tutorials>
</class>
