<?xml version="1.0" encoding="UTF-8" ?>
<class name="AudioEffectBandLimitFilter" inherits="AudioEffectFilter" xmlns:xsi="http://www.w3.org/2001/XMLSchema-instance" xsi:noNamespaceSchemaLocation="../class.xsd">
	<brief_description>
		Adds a band limit filter to the audio bus.
	</brief_description>
	<description>
		Limits the frequencies in a range around the [member AudioEffectFilter.cutoff_hz] and allows frequencies outside of this range to pass.
	</description>
	<tutorials>
		<link title="Audio buses">$DOCS_URL/tutorials/audio/audio_buses.html</link>
	</tutorials>
</class>
