<?xml version="1.0" encoding="UTF-8" ?>
<class name="AudioStreamGenerator" inherits="AudioStream" xmlns:xsi="http://www.w3.org/2001/XMLSchema-instance" xsi:noNamespaceSchemaLocation="../class.xsd">
	<brief_description>
		An audio stream with utilities for procedural sound generation.
	</brief_description>
	<description>
		[AudioStreamGenerator] is a type of audio stream that does not play back sounds on its own; instead, it expects a script to generate audio data for it. See also [AudioStreamGeneratorPlayback].
		Here's a sample on how to use it to generate a sine wave:
		[codeblock]
		var playback # Will hold the AudioStreamGeneratorPlayback.
		@onready var sample_hz = $AudioStreamPlayer.stream.mix_rate
		var pulse_hz = 440.0 # The frequency of the sound wave.

		func _ready():
		    $AudioStreamPlayer.play()
		    playback = $AudioStreamPlayer.get_stream_playback()
		    fill_buffer()

		func fill_buffer():
		    var phase = 0.0
		    var increment = pulse_hz / sample_hz
		    var frames_available = playback.get_frames_available()

		    for i in range(frames_available):
		        playback.push_frame(Vector2.ONE * sin(phase * TAU))
		        phase = fmod(phase + increment, 1.0)
		[/codeblock]
		In the example above, the "AudioStreamPlayer" node must use an [AudioStreamGenerator] as its stream. The [code]fill_buffer[/code] function provides audio data for approximating a sine wave.
		See also [AudioEffectSpectrumAnalyzer] for performing real-time audio spectrum analysis.
		[b]Note:[/b] Due to performance constraints, this class is best used from C# or from a compiled language via GDExtension. If you still want to use this class from GDScript, consider using a lower [member mix_rate] such as 11,025 Hz or 22,050 Hz.
	</description>
	<tutorials>
		<link title="Audio Generator Demo">https://godotengine.org/asset-library/asset/526</link>
	</tutorials>
	<members>
		<member name="buffer_length" type="float" setter="set_buffer_length" getter="get_buffer_length" default="0.5">
			The length of the buffer to generate (in seconds). Lower values result in less latency, but require the script to generate audio data faster, resulting in increased CPU usage and more risk for audio cracking if the CPU can't keep up.
		</member>
		<member name="mix_rate" type="float" setter="set_mix_rate" getter="get_mix_rate" default="44100.0">
			The sample rate to use (in Hz). Higher values are more demanding for the CPU to generate, but result in better quality.
			In games, common sample rates in use are [code]11025[/code], [code]16000[/code], [code]22050[/code], [code]32000[/code], [code]44100[/code], and [code]48000[/code].
			According to the [url=https://en.wikipedia.org/wiki/Nyquist%E2%80%93Shannon_sampling_theorem]Nyquist-Shannon sampling theorem[/url], there is no quality difference to human hearing when going past 40,000 Hz (since most humans can only hear up to ~20,000 Hz, often less). If you are generating lower-pitched sounds such as voices, lower sample rates such as [code]32000[/code] or [code]22050[/code] may be usable with no loss in quality.
		</member>
	</members>
</class>
