<?xml version="1.0" encoding="UTF-8" ?>
<class name="AudioEffectStereoEnhance" inherits="AudioEffect" xmlns:xsi="http://www.w3.org/2001/XMLSchema-instance" xsi:noNamespaceSchemaLocation="../class.xsd">
	<brief_description>
		An audio effect that can be used to adjust the intensity of stereo panning.
	</brief_description>
	<description>
		An audio effect that can be used to adjust the intensity of stereo panning.
	</description>
	<tutorials>
		<link title="Audio buses">$DOCS_URL/tutorials/audio/audio_buses.html</link>
	</tutorials>
	<members>
		<member name="pan_pullout" type="float" setter="set_pan_pullout" getter="get_pan_pullout" default="1.0">
			Values greater than 1.0 increase intensity of any panning on audio passing through this effect, whereas values less than 1.0 will decrease the panning intensity. A value of 0.0 will downmix audio to mono.
		</member>
		<member name="surround" type="float" setter="set_surround" getter="get_surround" default="0.0">
		</member>
		<member name="time_pullout_ms" type="float" setter="set_time_pullout" getter="get_time_pullout" default="0.0">
		</member>
	</members>
</class>
