<?xml version="1.0" encoding="UTF-8" ?>
<class name="AudioStreamPlaybackResampled" inherits="AudioStreamPlayback" xmlns:xsi="http://www.w3.org/2001/XMLSchema-instance" xsi:noNamespaceSchemaLocation="../class.xsd">
	<brief_description>
	</brief_description>
	<description>
	</description>
	<tutorials>
	</tutorials>
	<methods>
		<method name="_get_stream_sampling_rate" qualifiers="virtual const">
			<return type="float" />
			<description>
			</description>
		</method>
		<method name="_mix_resampled" qualifiers="virtual">
			<return type="int" />
			<param index="0" name="dst_buffer" type="AudioFrame*" />
			<param index="1" name="frame_count" type="int" />
			<description>
			</description>
		</method>
		<method name="begin_resample">
			<return type="void" />
			<description>
			</description>
		</method>
	</methods>
</class>
